6.3068046844216346,0.0002221014696802144
8.085900099354259,0.3330920928767159
2.976968024459289,0.015565951516629905
5.29408077326668,0.3034123787010411
4.692735494079861,0.46144420983798845
2.1612438307009523,0.4693834553116007
1.9269573709193744,0.6328017895494105
3.132478932938785,4.69283540027325e-05
3.442077054539373,0.047219682116310877
7.422610312304496,0.30287919937337965
2.1962163971613284,0.4435078179888585
1.3600284268293608,0.8199525878573395
5.721564016930676,0.11857095388017837
6.831729909818483,0.10402870519568404
2.3923797076882933,0.29988800741086813
4.516697075273493,0.4527420396039233
2.2540498769291943,0.40059670865928265
1.6044932790602138,0.7885655875225603
7.154445634268651,0.21887440556932294
3.470484626565701,0.056000954812488186
8.270944117062534,0.29068460806041546
4.591303526624779,0.45988462159978066
1.1737505528866907,0.784999361244301
6.206320468755328,0.002366916134709762
7.318486870148979,0.27340263061803355
2.1019639282810942,0.5127666234231827
9.645148022442244,0.01538541138860608
8.791341120906907,0.11816694786064874
2.1982517858480937,0.44199843708489234
3.572196208995877,0.09218865453520933
3.251375554362299,0.006657181340259679
4.784750456399326,0.45477263175102645
1.30085625320026,0.8144180013747142
4.855930746231721,0.4445130873451385
2.9513431597099404,0.020815703126199687
1.9812482954309245,0.5973280705576411
4.904607356686819,0.43506265834504626
5.625236080785711,0.1576580350077544
7.531594505508165,0.3278042212482964
9.879179808207436,0.06129429696194779
9.18913303782589,0.01798147837406128
5.200758403581385,0.3419680421253995
4.133577111775348,0.34467147412138033
1.1702685313156374,0.7838627941011006
6.524200572409302,0.02230488328104594
8.145190892741795,0.32150471142875975
1.6378000787384885,0.7778902519863725
6.0604349321362125,0.019823949005431094
3.785384396028885,0.1851756992776068
9.342010477425136,0.002236183267556229
3.7230006133917435,0.15632061009861906
3.047712146111738,0.005033703342121508
1.8321325077713175,0.6894722983720419
2.537972611073369,0.20224690573545942
6.85435547349356,0.1116338319732167
4.702598466764552,0.46109394739926435
9.790469759197043,0.04086788525663283
6.723443272606403,0.07004476396304966
5.194014141160688,0.34463100987625134
1.0164230388209925,0.7170280170000939
5.158855025701021,0.35819195695690614
3.439710958031343,0.0465170401901336
5.679506295892566,0.13522106217758192
1.7316058394671585,0.7404504716844826
8.740290867678286,0.13522284577561838
3.426012144447104,0.04253846837996862
7.744535818817637,0.3550501803939545
6.284783501283438,1.0188576663298637e-06
1.2897287676334739,0.8127940414761158
5.588114543728107,0.1735097805337332
8.055304637657402,0.33824893559154134
9.668587921733213,0.018741267099932936
5.05156656907813,0.39567325661280833
6.0205876699114285,0.027463539966097322
4.807573406551885,0.451956192667321
5.415034699357903,0.2502662169898987
3.757210900832744,0.17203472204129627
6.3050546329104815,0.00019043953920012548
4.937945062814772,0.4275057628372632
2.142879041394947,0.4829042299141426
3.1769638389629367,0.0007016361663777788
2.0568418255956957,0.5451146421846186
4.796367089770392,0.4533957043695371
3.243138348967814,0.005706200639187754
4.7534262622501835,0.4578940884270471
3.059792515671133,0.003816745543808128
3.2690209933943506,0.008932463141396594
9.679671892744322,0.02043443893309042
5.004875501834185,0.40983405001523265
5.83083886951618,0.07911352585730318
6.579801119215768,0.03330489785241727
4.888607167611896,0.4383802382662595
3.1167704956117053,0.0003489293178712875
7.7430808533205715,0.3549692536445658
7.0044958583888315,0.16477276176359498
3.4321521365959193,0.04430273316609424
9.872478173279442,0.059641579468841195
1.1445671426161055,0.7749417369782792
8.796438382971871,0.11649548655072083
5.828005491334504,0.08005758247634466
7.979870630266291,0.34841841586670314
1.4948665779150363,0.8131909275358213
3.1763079763396065,0.0006759376555567265
9.572541318773236,0.007005784580384009
8.387500377343674,0.25598417541147334
4.3120192417996694,0.4084139672974692
4.544375500187394,0.4559794649614197
9.20959325793329,0.015024116099871754
8.327780791806077,0.27438505142219416
1.1391458654990287,0.7729412229889149
5.60952157296029,0.16432451472035256
3.477607722013863,0.058300249895988907
8.575306812260651,0.19256419644541228
3.026139405052262,0.007628468463522526
7.553690390949125,0.3320128162928897
9.398259260621941,0.000229339545601821
2.6577924607125087,0.13271473394039784
6.609789154757127,0.040036069430586636
2.830575066527848,0.055665196011154466
9.25951811306148,0.00889371590221624
5.986395522212544,0.03495634790732238
1.772802980960554,0.7208182695656157
6.398598428974181,0.005242504325732876
4.304676070404825,0.4062034276014567
6.993484241234078,0.16077884626277522
9.997446322722483,0.09286590346637648
8.301023658057929,0.28221948716182915
7.261378376783183,0.25533612722890103
8.10886036470275,0.3288486598419174
4.263414417046663,0.3930676668134717
7.3056657942909125,0.26945053007748176
9.04226017941251,0.04633172891422117
8.284990816521788,0.28677842543586596
3.7374071674109413,0.16290108285078778
8.36588766841683,0.26277866942243394
7.550365121512522,0.3313987150435025
2.074640641916347,0.5324416354742162
8.304952209810732,0.28108657615286514
3.4429422798012537,0.04747774597135571
9.56135412285558,0.005994985279389823
3.447531925619681,0.04885668117060899
6.829995698761987,0.10345193090771672
2.7836239582603035,0.07357911050718159
4.826541735978897,0.44927308988641296
2.1713952358033772,0.46188686431390225
4.219692920056038,0.3778951795236476
4.417362643965861,0.4355678332738037
8.116578889725131,0.32735204534165224
6.737449856226395,0.07418029716886611
6.70098462777945,0.06359864397955695
2.887735777113693,0.03711503631443044
9.904894116110295,0.06778561426170407
5.63976411629121,0.15155821046627954
9.27428593859144,0.007380837169931652
2.9677752931440526,0.017361717155203973
1.8654948809574878,0.670388824984829
4.883804985213593,0.4393359945186877
9.76673843090968,0.035981742732748706
7.402068489363538,0.29746453060210015
3.5178171319507427,0.07197293180899322
3.590980414611034,0.09958672150753455
3.0160880812763495,0.009022266250525789
8.449661914447315,0.23572006678583374
9.655547097650016,0.016836193682941376
5.6490223360344185,0.14770496837454686
3.6212397085217125,0.11190537384878593
7.969709570209235,0.34950165446282805
6.176155100536604,0.004591923548197294
5.205122696985086,0.34023479811299706
8.196685437942444,0.3098445937213266
6.325820812851631,0.000722306006082509
3.1556451441444366,0.0001111562627449106
8.558530439767068,0.1984269932671173
4.128545923754265,0.34260870071860705
4.647573224106675,0.4619139664176397
9.508887496626263,0.0022887652463279918
6.901287626415344,0.12782808387249325
6.8341564882213754,0.10483726853116844
7.33807954597444,0.2793158554511762
6.13185385787612,0.009177928309286494
2.0041409063535407,0.5818254339766837
6.5967456232932475,0.03704222706284297
2.544034925442511,0.19846168203018635
4.053735101202433,0.3106162270527344
9.014568448620773,0.052971347948458404
4.428323365637448,0.4378788666186221
7.4797196917847435,0.3167738164352803
7.73621150576666,0.35456697130532683
3.2783353180511723,0.010262964041649832
7.037845431181085,0.17689412261077886
2.20067484251791,0.44020125768655083
1.465203110067044,0.816957956193147
1.327680321220058,0.8175741897941783
1.6268109491190441,0.7815703665290108
4.707392453777578,0.46089177120591696
4.505994343444045,0.45130632265198684
4.341470344908643,0.41687756296784234
1.6521344565528673,0.7728600997905248
5.342521751167465,0.28241973878963106
5.234867309564694,0.3282234297885708
7.549851331536652,0.331303216795944
5.173810900247134,0.352491483531754
2.1829976076543396,0.4533030923673748
9.174374336297454,0.020272014364322622
1.4240698280556408,0.8200698304727304
6.4894890805151295,0.01647172008082759
6.650630586571017,0.0500402685678985
1.107990180583795,0.7606538882425069
3.077021501893757,0.002373603252368521
2.697384817394663,0.11244641713363127
5.290089519930797,0.30511733062359364
4.524980255280434,0.45378299661341726
1.8914963016970192,0.6548523685172936
5.022644266934692,0.40461401033214894
4.023414971644345,0.29704564842015724
1.1877974191238045,0.789408314601846
4.9629681458910815,0.4212788894236844
9.25413859670267,0.009479187571072228
7.197252171364221,0.2338081107707609
5.082708329665061,0.38546203775728455
1.4688524713315334,0.8165629006154472
6.679711497711402,0.05771418798778109
2.0567648867689883,0.5451691522583728
3.5747367338129172,0.09317747813620601
5.229320034049847,0.33048876784213116
8.25825755453661,0.2941392206386812
8.4987291156959,0.2191240197878418
4.765127265799586,0.45682963861822357
2.8779044526120714,0.040045531767805814
8.762210860227649,0.1278336139833197
2.8524848421911346,0.048125378897360516
4.01589440276755,0.293635120110746
3.2527587860162726,0.0068238478586647505
4.0940021773886315,0.328128308024749
9.414277752904757,3.5932408507770424e-05
5.648678279107866,0.14784767248409783
3.292186737016744,0.012404750761168528
1.1510008414560828,0.7772623858829684
3.6671784879078118,0.13144877772198782
2.961322214918679,0.01868084887776493
3.660165174702215,0.12840555837127732
8.965527626420796,0.06562374108212417
1.3498940011323324,0.819375358493464
3.15241126538981,6.591810226115579e-05
4.42848970949302,0.43791316283107273
3.287640213530493,0.011680366035453367
9.720162629816931,0.02718135857050404
6.816179446003932,0.0988900414689638
6.278889915862268,7.363111285655476e-06
3.2866289588013857,0.011522077007662942
2.861228072208038,0.04526483641060525
2.724293097454965,0.09952032154925723
8.864451573584399,0.09486797879200327
9.127855964361459,0.028333471085567514
5.53687470718144,0.19589510286067477
2.3549180921974524,0.3266550318437219
1.3969298918334607,0.820762471390445
7.735782014094694,0.3545407128195236
3.711745189065974,0.15122133263645965
5.276991181684048,0.3106820701548928
8.292221718470316,0.2847353186399811
4.161060991288828,0.3557160508177241
1.174492019256494,0.7852391494263306
3.171576921823739,0.000504683525913067
7.29208338115952,0.2651958262518611
7.9530749050137945,0.3511243284522657
4.134737314711208,0.3451454059587745
2.1714218764914066,0.46186717261015314
6.668538665661724,0.05471398703962793
8.736962070566275,0.13635266676566654
5.3553980313969936,0.2767607376057395
7.1544429519714825,0.21887345853736379
6.38326873890459,0.003951411530829402
6.417485459836502,0.007077142479504634
2.508826040877208,0.22079795836285596
8.884150719806007,0.08887022878119666
2.9241841711437173,0.027208041153489994
4.9447207209228905,0.42586580585389205
7.118507600365257,0.20608330722036053
9.040996073104479,0.046626512777081866
7.368730963144289,0.2882413840732399
2.275306790008667,0.38486523279922613
6.728193344903217,0.0714375798255801
3.909950704751372,0.24424652128090907
4.412623021035978,0.4345374146372046
1.018276769833097,0.7180179287795424
7.129862056643955,0.21014510834937536
2.441663820644418,0.2655516230250213
8.183431829258287,0.3129801854786013
8.329575340579469,0.2738499388693213
5.710542904555501,0.1228647089180938
4.184655652632442,0.36487834557150683
4.192304370321677,0.36778160445891533
8.246210783858585,0.2973530765846288
8.635616748518636,0.1714271472850107
1.3286553819084088,0.8176687017579122
5.104540329850841,0.37796299641662645
1.4727859477117597,0.8161155259842859
7.930539037444993,0.3530211622327823
1.1269960038131321,0.7683089856640696
1.4286039112916757,0.8198482425118223
3.374388536282833,0.028972998984110664
7.05732749866043,0.18397642389339144
7.503007653453406,0.32192070440844495
8.297081231462261,0.2833502080619146
7.259175396649854,0.2546165787671284
1.9367710405051088,0.6265355381900618
7.813649779985181,0.3571629396734128
1.9690471678658175,0.6054656454566203
9.446682436972464,0.0001560833675892602
9.368857814574609,0.0010205646854586552
3.2794663044567027,0.010430553713144301
2.043082764888573,0.5548231575699533
3.3122202433355965,0.0158423703007699
8.813310420224187,0.11100939372093183
3.0614211706999805,0.0036656215247992626
8.551696300405133,0.20081013036782636
4.569705298720883,0.45833613366726694
4.916129721424644,0.4325482134567892
9.53402522454946,0.00384994510841714
3.3437056842008275,0.022037023611508503
4.558568047705307,0.45737161650565444
2.8369103670615496,0.053430725029736933
1.559496035721251,0.8006678742269855
6.515039027400328,0.020685862577001835
5.752560259722769,0.10678123838198039
1.4243904410553867,0.8200551548402503
8.573672650261472,0.19313595303972697
5.552498545814006,0.18901825758085392
5.587217539653155,0.1738970801514252
3.855562744517689,0.21838645837541246
2.349695146216476,0.3304250545579556
9.836994155708249,0.05117752570589774
1.4811989671286097,0.815083769058587
5.185867914213481,0.3478219031575447
8.284275089542536,0.2869794758601855
6.433877031578886,0.008884901474679543
6.167886369519812,0.005329139573893832
4.558291302280394,0.4573462150366427
9.887187416959026,0.06329062527083393
5.297508181693586,0.301944964375697
2.6102366837888806,0.15891565859002113
4.5352789354793295,0.4549914556486396
3.8958965479576597,0.23757481060939845
4.499219355893871,0.4503448655078269
7.8067179939219296,0.3571044346359922
2.0616163835890555,0.541727239806424
8.773381792664736,0.12410455698449185
3.8113168392368113,0.19738929608627054
6.1362401684462275,0.00865428374578312
9.070215682732046,0.0400221438867477
4.688461119733844,0.4615685024381939
6.825248417276774,0.1018777408203046
1.38138584542572,0.8206680794308713
3.824298581271944,0.20353446738996675
2.295016823685896,0.3703304146275506
6.800568576931509,0.09380995809002984
4.074980296127034,0.3199344198658751
7.668567499683473,0.3488399280816675
4.090383779146293,0.32658108386027
6.94731507403125,0.14413858769297647
5.83459057231932,0.07787052933275371
3.0879439930866277,0.0016363129201838952
8.152698885937358,0.3198938601063336
7.0289471562182895,0.1736581090641301
4.528602987291172,0.454218952503957
7.116288930772299,0.20528769321713555
6.80070908009389,0.09385531386845723
8.346705531019463,0.2686836557381021
1.2569543593966372,0.8069421420988822
7.406899999950437,0.29875699919102666
1.3716588042024718,0.8204264101601147
8.427827335589757,0.24294842315017112
5.402498506011037,0.25586448786292654
2.8838333735849067,0.03826520056949312
3.464056656922368,0.053959060681982585
3.391722814190059,0.03326946045690725
7.678023272324196,0.34983155634030894
3.1590766064876368,0.00017197088390192943
5.085358877681957,0.38456618298711015
4.325252976441384,0.4122975025267822
6.0018272354854165,0.03146927183848455
5.172568526138927,0.35296894711658655
2.2028449436312907,0.43859143093107616
2.0724050541130294,0.5340400493315471
3.295685182581004,0.012976280113618179
5.118187497226033,0.37314019597193954
1.8894239113634597,0.6561109640819879
1.9928854918389542,0.5894844525265214
3.6214543781444193,0.1119944343509799
3.4133549079015824,0.03900044283485294
1.1576753273703777,0.7796083077318965
1.6477289237637947,0.7744335368804859
7.395492066806046,0.29568693792094436
7.665924479415068,0.34855177609280463
2.3299330304114623,0.3447623909344315
5.9032584373865475,0.05660524215010689
7.590774883392864,0.33838884001180286
2.884676449639297,0.038015262038363654
2.5252907214234765,0.2102481429681746
7.193378025166439,0.23247274473133875
9.912851311156462,0.06984054293565051
2.901108287003755,0.0333045357332956
7.015377630904017,0.16872502386035682
5.253862538772907,0.32038469125860436
3.036052554236155,0.006368941531250943
4.765861428199047,0.4567587997466012
9.024448243727187,0.05055912388877487
6.937008899044932,0.14045708677349159
6.657532387673986,0.05182149239086311
5.03876617618362,0.39969665784416003
2.9672689640774896,0.017463475298607808
2.395693632828352,0.29754560233762584
3.245991944835832,0.006027580032873219
8.024196412348621,0.342890257490025
5.852886424110801,0.0719256414971178
4.327386202956216,0.4129113071377576
9.877392487733742,0.06085189720222448
3.1603441313523053,0.00019776658215738235
2.9112878170535565,0.03054017713941914
3.1282777392791554,0.00010023016250494241
7.812143452076403,0.3571531375997982
4.336845600986381,0.4155917903972578
7.157907538189103,0.22009562564811502
9.446293573681753,0.00015059470757303346
1.1414701146411041,0.7738039322136523
3.6367970565981036,0.1184170854950646
8.774647805044053,0.12368361585970895
4.002194058447559,0.2873812040783184
5.150137354590203,0.3614659636471141
9.67765870492954,0.02012190240801296
1.5901074298283635,0.7927290984254866
4.3863701000592545,0.42849451446446774
8.140751840388097,0.3224423457270863
5.363963624333958,0.27298149818990153
2.8532350651954985,0.04787659361049939
4.578610594187145,0.4590261546758921
3.346630235923842,0.022660451317025626
1.3236499435399574,0.8171684770534423
3.7220876951898165,0.15590559551658686
8.902127039184496,0.08351520715743402
1.6279771878825935,0.7811871245378553
7.977906787269126,0.348633187317597
9.497554485973629,0.0017155756117530321
2.8864173534968076,0.03750169354946264
2.0802082662213968,0.528452982859759
1.0935866127956158,0.7545241419827077
4.986913244475108,0.4148915085612329
5.8977492134585745,0.05820331093950459
7.704373138245449,0.35226880115118775
6.160587564234383,0.006025276004059866
6.255983363760544,0.00029576375578357157
8.1228729936871,0.3261059433629271
8.244192093869563,0.2978851484133377
7.4213750327480446,0.30255959255114756
1.5826171123556612,0.7947881540758478
2.551088327295144,0.19409061342605619
9.505949541509214,0.0021323388272137846
8.453820518328769,0.2343313446521639
8.812113999012087,0.11139598927062823
7.32375374984394,0.2750074877806414
9.953514522950412,0.0806558157917014
3.5331167505598273,0.07746978125938592
5.384952056061691,0.2636787880142859
1.0715911278693833,0.7446260097816223
9.337271689162147,0.0024995369707577334
1.9417446402142002,0.6233340587197599
5.475111842868668,0.22337214910251255
4.634306039863039,0.4616970290954076
1.736656571880066,0.7381431071759349
3.450307011759511,0.0496985757375424
3.9444137872161735,0.26052626378687344
2.690373571867076,0.1159289871541429
9.513371605416344,0.002538057014616282
7.9853712548024225,0.34780309806550574
2.254054361837861,0.4005933849909082
4.795959827654331,0.453445967654512
3.5080967798639024,0.06856280248627286
3.181576358757233,0.0008958049335442521
6.344327906770727,0.0014823601441985785
3.237533720118937,0.005099986301262245
4.046285214699307,0.30731003340709184
2.7818636828992043,0.07429646463875778
3.4272410618077336,0.0428890975343821
4.110291826680402,0.3350239367699
9.99500532742087,0.09217475372856304
3.4324460561588275,0.044387965018131206
3.416226850849033,0.03979143124224304
4.98988737077058,0.414069638131241
8.619585998671404,0.17704496122865987
1.912333348139881,0.6420105633357751
7.4733636846309945,0.3153153996166079
9.630196758858224,0.0134074302941314
6.607311126417692,0.03945959478630894
6.577575486937798,0.03282699620570962
9.834977300165487,0.05071150452237284
7.789107985481994,0.3568018410244841
2.206365236946131,0.4359795389095923
8.826879469598829,0.1066520868286599
1.8008720756886838,0.7064208715047441
1.2172274878050922,0.7977231517025151
8.13161463054716,0.32433741562380336
1.008671502020078,0.7128426691782532
6.574415075015082,0.03215361971041057
6.137540142561948,0.00850201698933271
7.894438871524508,0.35532709462598167
1.0116038685481858,0.7144346599945337
6.252728715453987,0.0003708459336438058
8.201743231835811,0.30862424403245914
1.5372286347111794,0.8056405486947498
2.9838122568599097,0.014292673574865885
4.251591135237932,0.3890876738539902
7.369113136459638,0.28835004970285794
6.908396080940294,0.13032304708765163
1.2364062889867844,0.802463137980344
7.2312944626533096,0.24538049862441547
3.8294414913175965,0.2059733202734544
6.27448577210461,3.0212875521262563e-05
9.226962133177324,0.012715120810180789
5.955443425164378,0.042462044330664285
4.665474260259272,0.46195095795309754
6.997818668755937,0.16235015554357046
3.4318849149814374,0.044225304671835976
9.345281538557774,0.0020629272451098486
3.154351555765791,9.165327792372663e-05
9.19263063850475,0.017457886583933182
4.3843307582353335,0.4280015790648381
1.152631497443402,0.7778413215739881
8.806067569172376,0.1133555154555937
1.6795474906815953,0.7625307794143795
8.246665301250184,0.2972330193881225
6.841536429548692,0.10730702648121453
6.372640914430229,0.003161525223010226
7.146590035989231,0.21609553463016332
6.408470495723268,0.006168062896388263
8.195580442669357,0.3101094747097266
2.210061865230072,0.43323629949548165
6.229659226844315,0.0011467901155156513
1.2138570489344043,0.7968346364772166
2.6689599696557655,0.12685114833775135
7.7419813014800685,0.3549071025714526
6.748343011748544,0.07745505806928749
5.315743066123369,0.29408907237139753
9.140731575049877,0.025976253674367265
5.292759786228956,0.30397713282691147
7.957079711526893,0.35075085294181174
8.51587862549454,0.21323064001557515
5.8750610554208755,0.06498759841649687
5.809623381244104,0.0862915506529966
3.855540082475067,0.2183756764478098
7.411676240056545,0.300023331240681
5.456193420304633,0.23184102448093938
8.238126443083514,0.2994725272673321
4.006741495768964,0.2894626546350611
9.06371676116821,0.04145276356774918
1.0579295802955975,0.7381563512591027
7.917223974685815,0.35397726867265616
6.002737364742318,0.03126899616097878
9.48581954475878,0.0012082997583699468
5.867705511153885,0.0672559123431436
7.325208532791858,0.2754488169157455
1.0624377662399545,0.7403182599907859
5.9719661340521535,0.03837133681713294
5.564003035350597,0.18398123267889754
6.604895094775599,0.038901003258114984
2.5431498062797795,0.19901271565164474
5.641823171565291,0.15069888917742105
5.492906783622761,0.21542063207092838
8.111799043279033,0.32828296387120626
6.087957841135628,0.015251812494559818
6.348100554397994,0.0016701728088149782
1.9253385023742915,0.6338288848429716
7.352197222929256,0.2834776826829726
8.16848162613508,0.3164067694896634
8.244863380171182,0.2977084240805595
9.939088653864674,0.0767612200419553
8.125276597670442,0.32562403875626245
5.293599942080868,0.3036179986461517
9.81281104944364,0.04570178386263643
6.546188229608279,0.026417411030818145
2.8591300137868627,0.04594350438830338
4.795519539362619,0.45350014463799815
6.956603664028117,0.1474686035383527
9.80572884727963,0.04414552355082766
9.088834555184611,0.03604776731935427
7.450496246849999,0.3098831810013507
7.233313007175536,0.2460569135398436
2.407878128070829,0.2889724508715861
9.874184654560654,0.060060843464231524
9.671791366491997,0.019223684780352763
3.576721426545551,0.09395255700335133
7.739685705615719,0.35477459259321154
8.47387564019813,0.22758507692494903
8.124309380058133,0.3258183586245487
3.3698878986834755,0.027901522151258313
6.8530225932189355,0.11118183840007251
3.4125795199152043,0.03878808233036415
7.508784478353206,0.3231487723290545
4.241383496048035,0.38557713209354494
1.3103130926892552,0.8156531700243318
9.219111906338133,0.013735633489899514
2.674771611124899,0.12384477415943025
7.421656715615428,0.30263254154345776
1.704946650783418,0.7521515410800149
9.183874576018365,0.018782576821815593
1.7207556541404854,0.7453105093523242
9.016897437089165,0.05239844067337593
3.5224218465019037,0.07361087295537479
5.0901405638148125,0.38293972055872993
6.454822812309268,0.011481888845823997
8.317381646373079,0.2774624192743979
7.393854850278496,0.29524114439614746
5.632475165626192,0.1546106749182805
8.49881348327822,0.21909512910695894
2.9355332009418738,0.02443352211314467
1.5669309295755527,0.7988561527965906
9.874719873703151,0.06019256410935335
2.3689675369049277,0.3165577780898916
4.687333170829842,0.46159852485672476
1.1757874247862694,0.7856561957579978
7.627827454784733,0.3438708021394033
6.035508409129912,0.024463320720900687
2.892576394904636,0.03571228382399113
2.8721315572225086,0.04181702687190163
7.620531579417441,0.3428629995994025
9.369811940335898,0.0009860200271928838
6.833717367798695,0.10469081825556753
3.1233953805229002,0.00018734892451808245
4.982439850636379,0.4161159403742622
7.684245441521112,0.3504504752207653
1.4899017824713856,0.8139094361786343
2.2761442013778717,0.38424654290569504
1.7605772236173118,0.7268348807334845
4.657294011592905,0.461970478113517
1.0587365421362547,0.7385452753379819
5.19818988733602,0.3429844519819502
6.654729441890636,0.05109504428536801
4.122117986112699,0.3399555878371082
8.326189117180043,0.2748586785991972
9.743940626013762,0.03153987826592347
4.492412466516629,0.4493379664119071
6.2454165220399265,0.0005705304303069281
8.164776511151038,0.3172375393841629
1.6006579876847598,0.7897022961532417
6.1158414647163575,0.011218468799108258
9.797783245824816,0.04242582095085564
7.110276569636435,0.20312871919413547
1.3952448726204296,0.8207695617492325
1.7880855865496659,0.7130785641305002
7.0812188799884455,0.19264309740620467
3.3538894940843798,0.024242550759841837
9.891868959295598,0.06446841148695467
8.768541461290438,0.12571712305718855
2.325674185522605,0.34786606263414604
6.007910095404049,0.03014219619520538
2.0924081356931814,0.5196754528855819
7.3489376527841195,0.2825243497172545
7.674711074359575,0.34949120283080337
9.66782341301824,0.0186269747493638
9.866472507303545,0.058174731063310746
3.670786997557481,0.13302233634484245
6.164706793216819,0.00562716883189613
5.540232377475213,0.19441396650385404
4.654180941865186,0.46196180604201803
9.22487172971151,0.012983135925924458
7.133740177983814,0.2115283731661259
7.3881360927834825,0.2936739125895415
5.0488247061703255,0.3965437983235302
9.165463372997241,0.02171801840963054
5.156840635290789,0.3589517284447134
1.9321977224726763,0.6294641754303214
9.938356535152343,0.07656520690261694
6.817606472773518,0.09935843011441313
7.701329905449091,0.3520119579360104
3.298301584426278,0.013411714787800002
5.991949789919108,0.03368146769322137
9.754021395598597,0.03347284388165797
4.757899520665056,0.45750152016971163
2.3427847132618997,0.33542589259405114
7.462739824705336,0.3128273823775138
7.569306106192566,0.33480410050737425
6.830706224079183,0.10368813176116436
7.659382377560163,0.3478179750284146
2.9464456931381715,0.02190556019715745
4.924385705163667,0.43068293472867214
4.197776545788659,0.3698379515089435
3.675991301774658,0.13530081174242187
3.93610272096323,0.2566135647164612
1.768781435665475,0.7228147441647524
5.514004024144547,0.20602490548532
4.36542224710047,0.4232724033848
5.89928449189223,0.05775600917207971
5.1159504013767965,0.3739376944165782
8.39118242370092,0.2548125657769847
4.69042856325649,0.46151335977063795
3.9650530457206,0.270195642714151
8.935888901550125,0.07378553415606497
9.874967553325153,0.06025355552232419
5.304181117828099,0.29907946552003634
2.4859595461578228,0.23573827038296044
9.070413567445923,0.03997893205387208
2.218913024848636,0.4266665115044756
5.809374802480083,0.08637712919255072
8.867068189437914,0.09406379932855229
6.240600421157636,0.0007254963761057618
5.235097525759682,0.32812917683761567
1.975524570691526,0.6011567584118739
6.544272240943843,0.026046476520591152
4.758962689265206,0.45740559923765656
1.1732230376923254,0.7848282864810692
5.945475207363257,0.045021652699819815
1.885226620123952,0.6586494660459266
7.3518480766816765,0.28337578733490515
3.8951585273712572,0.2372241130635561
9.436836050227496,4.732850099516624e-05
3.4756091653782444,0.05765127690553438
5.5206454461213035,0.20307650937440802
7.601042157225856,0.33999813856374583
7.6370853778241345,0.34509844523912037
8.453489904367544,0.23444188326940577
7.251094308104448,0.2519639030406178
2.225441917099193,0.4218199418920649
3.2748405902841062,0.00975335606101572
6.2338056470536785,0.0009758128833534372
9.26720387521741,0.008089055233985646
3.37876791522842,0.030033154181960134
6.201567776023506,0.0026690186375145884
7.315202942709169,0.2723964392032298
4.673479861700495,0.4618725577597461
6.5841877778464255,0.03425572173774258
5.454512984530309,0.23259366649470797
7.695855600711855,0.35153369338976825
4.422269673585491,0.43661490985171425
1.6315915843547133,0.7799883247563799
4.014896683950948,0.2931814324678218
9.432667622394522,2.026704715260895e-05
9.756741028775457,0.034002835009420834
1.9917354185733194,0.5902630802155805
2.086552599313774,0.5238946284810556
5.617287857672239,0.16102132739850622
3.9354513419646517,0.2563065017524557
5.24849808051369,0.32261086891375657
9.535177898558013,0.0039310459922957015
6.563479005208449,0.02987144955154616
2.924841364657638,0.02704333964729699
8.315997002568226,0.2778690987095677
5.049009157728719,0.39648538310995113
8.83096350595368,0.10535068364047234
4.066685826103682,0.3163165130889838
9.366994932837207,0.001089725323163212
9.595842258569547,0.009354849731505657
7.951939105022609,0.35122825862428514
5.696060311455854,0.12858338091413796
4.386627395453527,0.42855646741295567
8.020145272471114,0.3434490098860076
7.291897309570994,0.2651370680244093
5.6006472257641216,0.1681184707890411
5.6355351661656865,0.15332723334577472
3.568217994065555,0.09064781702269402
7.5774025452767715,0.3361906504823396
8.860287457107372,0.0961523727237036
6.409454384215731,0.006264322969946716
9.465754842791387,0.0005454527097494807
1.7047967189624922,0.7522150393119702
1.0643017015747218,0.7412043675003791
3.28590219346895,0.011408956112376835
1.2831371634248936,0.8117451686352426
9.959481632113675,0.08228426043491309
3.17510132730905,0.0006299022071344955
1.2382675924003246,0.802894458015716
6.871982478416284,0.11765488290918497
4.748742856023405,0.45828599063407444
6.367150420424346,0.002787432432384679
3.7380135925532647,0.16317931890331272
1.3599569322737919,0.8199490519850732
3.2797679796091934,0.010475475923658363
1.739872630489573,0.7366591332810764
2.3957731399420927,0.29748945870915366
2.1287530511076262,0.4932600225905799
9.624185566879088,0.012648454293562518
9.537867049123479,0.004123476902091161
3.0828116897681044,0.001965620431941796
1.3727245894198898,0.8204597559496696
9.159890817312922,0.022646197753229833
6.919382641921373,0.13419780568139172
7.549358635243185,0.3312114853791759
9.532378992873323,0.0037355580683394547
2.3540238085142766,0.32729993739862273
6.486958500044557,0.01607881559610219
3.5795998612428472,0.09508068251387405
9.041570791874975,0.04649239089652742
7.224440734543557,0.24307527426204367
3.8680714879825095,0.22433907624096022
7.219527615937235,0.2414148285690587
5.366471887276698,0.2718727811150604
5.8706014500230514,0.06635889576108707
5.3609020278773585,0.2743335756730558
6.47641925734643,0.014490628300146479
6.4891885315696225,0.016424822833973354
3.053527910869844,0.004426701063423629
1.7353920229567457,0.7387234646071561
4.692751694002876,0.4614437071079152
1.4713961708434589,0.8162761457020153
6.857408819612881,0.11267104568421377
9.781324653220357,0.038953999991732186
4.290724239840349,0.4018960019392838
8.575103076175644,0.19263548592559465
7.951622140529227,0.3512571049370787
4.579823900248865,0.4591145718831938
5.80319191617586,0.08851649215970345
7.022278521225004,0.17123334629756032
5.7795434923173135,0.09688596847149947
8.910401306770936,0.0810901135823093
4.767999128975568,0.45654981670554173
8.95350041235082,0.0688910786916259
2.6437829533916215,0.140229018181512
8.196119785726093,0.3099802654659004
2.0530125595189497,0.5478246600741394
4.2709290194797145,0.3955482545936421
9.386640802976313,0.00047449428449138645
8.15918297432644,0.3184776650396402
9.385360242288868,0.0005069119768890271
4.3218705648197515,0.41131728328609957
4.2412952150857866,0.3855464747249831
4.751641765381253,0.4580457204532022
7.039826862270501,0.17761469388390072
7.4026255710940845,0.29761413979085866
5.547527445950477,0.19120200055304956
6.965462664513308,0.1506540756257326
3.9820724514652888,0.2781090719999671
7.912656271740703,0.3542769032875774
5.545682327682761,0.19201358750560457
1.816942914468402,0.6978244449400025
3.44624171878388,0.048467346433679455
9.352400814405861,0.0017099479095581775
3.632783038810482,0.11672599606595098
7.634930078034316,0.3448177733655549
5.460151102379266,0.23006859606670932
5.9322756274394,0.04851547595666809
7.326955646748764,0.27597770149780215
4.078667810009604,0.3215342759893874
7.858546697723828,0.35671373368502596
8.894970888832326,0.08563302259116125
8.692305063471508,0.15167310907790318
7.634938516461825,0.3448188783340439
2.3296896392804167,0.3449396392622861
2.697964883206346,0.11216038734375251
1.2287993200512328,0.8006475252995936
6.8504529284440405,0.11031179712507595
2.996868624445374,0.012014707761475377
2.822535803533885,0.05856382324201038
9.625908412702662,0.012863840339512884
5.3722167425336265,0.2693301456225223
9.424629639336132,7.165981413350453e-09
4.665417259912714,0.4619513059335157
4.987892220937725,0.41462166472412854
5.722933830729717,0.11804089810843525
3.3399391679673727,0.02124599806968516
2.2542570433582743,0.40044318376567706
4.185053999285362,0.3650303735803472
4.147023787343561,0.3501232892803361
7.952793818593974,0.3511501309582375
7.313342216556611,0.27182444155612057
9.267671642335134,0.008041293192329362
5.363438869817307,0.2732133398443672
3.0548122147375087,0.004297945950366783
6.101457739559746,0.013223265089836768
8.881343832666596,0.08971674543044557
5.59151893448214,0.1720415646100257
8.732522651022474,0.13786237453381917
4.648507295273815,0.4619231579824585
4.251938786808272,0.3892060307036527
8.30809084203181,0.2801770824862798
9.003160768522507,0.055815053728280946
7.47819962285753,0.3164270967149294
2.8589794613313106,0.04599239287003654
4.7094911336279655,0.46079670103483644
6.362294799360473,0.00247596286461647
2.2359197407924607,0.4140429980778383
6.18621092738252,0.003769119090074595
3.117997916475277,0.00031521856075429383
3.527822218187612,0.07554995869286793
5.49273919600601,0.21549542165949792
5.529263639374022,0.1992585664715768
5.493600607518828,0.21511102060321693
2.17986053491109,0.4556254345398336
3.133402271572038,3.7895751969992725e-05
4.235849340740037,0.38364556101388636
1.7657692397706723,0.7242990140016314
5.110172940560029,0.37598478810305086
9.534559528598429,0.00388743494427381
4.194836360656296,0.3687352518923632
9.20849325554121,0.01517661004364289
3.182468834473537,0.0009360879385032937
3.620500477052243,0.11159886032999045
5.62200131013153,0.15902467055644712
9.891847330797125,0.06446295231440681
3.533500568802307,0.07760966983272768
5.691993785367762,0.13020417538783874
4.024191704555986,0.2973969415911138
2.6620304141561686,0.1304762390386954
7.215170374073896,0.23993684918997066
7.301440279841889,0.2681342329184235
2.18746481763556,0.44999444135132466
6.264748076415711,0.00013579705964602502
7.768982379674167,0.35618565409528746
9.660534157966937,0.01755353273267234
3.983287971659777,0.2786718954309812
5.001886284720782,0.4106911795800467
9.228814428187032,0.012479903091662747
8.427425127041698,0.24308052935187568
2.6103012579173273,0.1588787749598806
1.6381856413548843,0.7777583417792531
7.652848900028474,0.34705600753174026
3.6266122762677564,0.11414105731329716
7.226678033282456,0.24382921560893378
5.8895601598786875,0.060614604021763184
9.442769113474009,0.00010532256709444183
8.598054012006518,0.18459540790775503
5.238820010125899,0.3266025381286234
6.2934952174860275,4.2369021393562235e-05
8.55047652866717,0.2012351076342726
7.658899255471168,0.3477626262966435
3.1227863078850184,0.0002001181578052196
3.630919823541285,0.11594359095894449
6.789378463841056,0.09021985985374556
4.06463583160888,0.31541831122749064
4.339278321367024,0.4162701714524105
6.591427280285716,0.03585051804194553
3.6470099437999335,0.1227529514724499
2.712013948654609,0.10533159399457817
9.803236766732692,0.04360313918924575
9.222176115475454,0.013332748908621763
5.508368427123377,0.20853059603896912
7.272438060306345,0.2589245360521062
9.736954279244198,0.030229732894712088
9.963533383000055,0.08339564095337158
2.717752381921791,0.10259739560340878
8.764592077707064,0.1270365369374332
5.1413579033496095,0.3647256388442409
2.789986552829429,0.07101344703276243
2.570819656460635,0.1820565364139552
4.754919741683571,0.45776500328043673
3.9119948079247107,0.24521565365510362
4.4995363424438155,0.45039075707241655
4.2423173417957605,0.3859011198239877
6.152375167755118,0.006859348747081215
3.273334382744012,0.009537565994679092
6.76959004576523,0.08398279526290003
1.1621494125422147,0.7811456001449354
3.7699874403775864,0.17797482579046625
4.377893567743325,0.42642365613697875
1.389221359019452,0.8207604827432339
6.3532650829850565,0.001945251852990685
1.5926544400069698,0.7920119041071946
5.324863987068437,0.29013094440078696
3.750335023783867,0.16885279234646922
8.660154123232825,0.16284809502127312
2.1353820939606107,0.4884055801330555
8.150255048270193,0.32042161902914557
4.108105458297965,0.33410520853511644
3.6820289900255414,0.13795719737116413
1.427643751809207,0.819897689216669
6.110311527928319,0.011970048544083184
1.7018341630544866,0.7534643495185877
6.81491884266228,0.09847682435345316
6.024263458198127,0.026709055504251948
4.398030027716982,0.43124808619453375
6.662140991146874,0.05302494238942042
3.9895496635182033,0.28156592470383845
9.150149720372866,0.024312546379931448
7.6219004428549395,0.3430547843976779
2.928634229757952,0.026102485031811257
7.605664822934527,0.3407002526992179
8.296565658233476,0.28349761649369143
5.597686900204791,0.16938851009913852
8.475388565468865,0.22707303723611322
6.4217735808883285,0.007530836821316595
6.882076029458043,0.12113714180997935
7.550621352285783,0.3314462794647058
8.342678357313387,0.2699075358615426
5.530105596999128,0.19888609232625715
1.3695557873018387,0.8203556523576385
3.304590567783586,0.014486240607257167
5.115697699900824,0.37402761045864613
7.1341034097245934,0.21165782088028443
7.744667843902544,0.3550574496964476
3.889702104655943,0.2346304402346409
3.341285497668044,0.021527207565617067
9.86970094319844,0.058961570369535095
6.507526145906004,0.019400396841959825
8.053509650834929,0.33853343567249955
1.8179238862903961,0.6972916342293057
5.707181522801518,0.12418440094937429
8.655238984898634,0.16456389122421583
6.669255766154171,0.05490463044756065
6.117524060989219,0.01099455077437479
9.935185931229789,0.07571819868703189
8.791761353379723,0.11802891021820552
2.91831287148003,0.028701444654507993
